order_external_id,customer_email,order_date,status,total_amount
EXT100001,isha.kumar77@example.com,2024-03-20 12:35:09,DELIVERED,3374.52
EXT100002,neha.mehra41@example.com,2024-03-22 22:04:17,RETURNED,1851.06
EXT100003,simran.malik15@example.com,2024-01-30 20:59:34,PLACED,831.99
EXT100004,tanya.kumar6@example.com,2024-03-22 00:03:41,SHIPPED,274.92
EXT100005,sneha.sharma69@example.com,2023-07-21 13:15:39,PLACED,2541.83
EXT100006,rahul.chopra86@example.com,2023-12-05 22:41:18,PLACED,640.64
EXT100007,rohit.rao16@example.com,2023-11-04 18:27:49,PLACED,366.44
EXT100008,manish.chopra53@example.com,2023-12-01 14:39:03,SHIPPED,522.66
EXT100009,rohit.kumar71@example.com,2023-05-11 06:59:04,PLACED,2208.26
EXT100010,priya.kumar49@example.com,2023-06-28 22:24:36,SHIPPED,923.07
EXT100011,isha.agarwal52@example.com,2024-07-15 00:00:53,PLACED,1988.66
EXT100012,saurabh.gupta27@example.com,2024-03-16 21:06:59,SHIPPED,544.44
EXT100013,vikas.agarwal42@example.com,2024-04-21 16:05:05,PLACED,2390.12
EXT100014,vikram.malik28@example.com,2024-06-07 17:13:41,DELIVERED,868.68
EXT100015,amit.mehra95@example.com,2023-06-23 23:59:16,PLACED,322.94
EXT100016,sneha.verma66@example.com,2023-12-10 03:24:00,DELIVERED,569.88
EXT100017,manish.gupta97@example.com,2023-08-29 11:18:07,PLACED,1550.55
EXT100018,pooja.chopra26@example.com,2023-05-31 00:53:21,PLACED,511.09
EXT100019,pooja.verma61@example.com,2023-03-16 16:34:52,PLACED,3646.92
EXT100020,isha.singh81@example.com,2024-08-12 07:04:45,DELIVERED,332.46
EXT100021,rahul.rao50@example.com,2024-05-21 14:33:03,PLACED,6199.31
EXT100022,priya.iyer84@example.com,2023-01-06 03:52:50,DELIVERED,621.36
EXT100023,isha.jain29@example.com,2023-06-30 18:51:29,PLACED,2309.64
EXT100024,karan.jain72@example.com,2023-09-13 04:25:06,PLACED,4882.16
EXT100025,rahul.rao60@example.com,2024-06-27 20:20:59,SHIPPED,710.98
EXT100026,manish.gupta97@example.com,2024-03-29 22:18:21,DELIVERED,127.88
EXT100027,isha.bose65@example.com,2024-03-12 19:56:50,PLACED,406.54
EXT100028,vikas.rao21@example.com,2024-05-01 16:23:11,PLACED,2631.73
EXT100029,vikram.jain32@example.com,2023-10-11 18:58:47,PLACED,1350.53
EXT100030,tanya.agarwal31@example.com,2023-10-09 16:00:54,PLACED,520.89
EXT100031,saurabh.iyer37@example.com,2023-08-29 09:53:34,PLACED,2106.88
EXT100032,kshitiz.bose70@example.com,2023-03-24 05:02:16,PLACED,172.20
EXT100033,rahul.rao50@example.com,2023-06-06 07:47:23,PLACED,967.75
EXT100034,manish.chopra53@example.com,2023-12-05 19:45:21,PLACED,859.22
EXT100035,vikram.gupta8@example.com,2023-07-31 15:17:49,PLACED,6181.74
EXT100036,ritu.singh99@example.com,2024-08-21 00:42:40,DELIVERED,382.07
EXT100037,rahul.malik98@example.com,2024-08-12 13:50:57,PLACED,44.04
EXT100038,manish.malik46@example.com,2023-11-02 14:11:56,DELIVERED,4207.17
EXT100039,rohit.malik54@example.com,2024-07-05 19:53:02,DELIVERED,480.85
EXT100040,isha.jain29@example.com,2024-05-14 07:59:20,PLACED,3811.06
EXT100041,isha.kumar63@example.com,2023-01-30 14:09:28,PLACED,2397.46
EXT100042,simran.verma87@example.com,2024-02-19 06:00:32,DELIVERED,2259.72
EXT100043,pooja.bose17@example.com,2024-06-30 00:58:54,CANCELLED,1086.42
EXT100044,pooja.singh76@example.com,2024-07-31 00:59:12,PLACED,1996.17
EXT100045,rohit.rao55@example.com,2023-05-19 16:48:35,PLACED,656.61
EXT100046,isha.verma34@example.com,2024-01-24 11:55:06,PLACED,165.39
EXT100047,vikas.agarwal42@example.com,2023-12-12 13:48:12,PLACED,2506.14
EXT100048,rohit.malik54@example.com,2023-09-16 02:58:55,PLACED,2743.01
EXT100049,sneha.verma96@example.com,2024-07-06 01:53:46,RETURNED,1477.56
EXT100050,ananya.bose45@example.com,2023-08-18 23:40:15,PLACED,175.02
EXT100051,priya.iyer84@example.com,2023-02-11 01:07:47,CANCELLED,300.78
EXT100052,pooja.chopra26@example.com,2023-01-21 22:37:19,PLACED,1796.84
EXT100053,pooja.bose17@example.com,2024-04-29 04:09:53,SHIPPED,810.16
EXT100054,vikram.malik28@example.com,2024-04-21 09:19:46,DELIVERED,1725.10
EXT100055,rahul.iyer22@example.com,2023-04-28 05:57:45,CANCELLED,3390.30
EXT100056,rahul.agarwal14@example.com,2024-08-15 00:56:05,CANCELLED,2576.48
EXT100057,tanya.verma74@example.com,2024-01-20 14:26:30,CANCELLED,1138.83
EXT100058,pooja.chopra26@example.com,2023-03-19 21:33:27,SHIPPED,2629.84
EXT100059,isha.singh81@example.com,2023-09-06 03:42:36,SHIPPED,3029.28
EXT100060,sneha.das39@example.com,2023-05-04 20:36:17,DELIVERED,2056.86
EXT100061,ananya.bose45@example.com,2024-06-29 15:35:48,SHIPPED,2802.80
EXT100062,riya.patel9@example.com,2024-06-02 23:34:34,PLACED,2258.27
EXT100063,rohit.malik54@example.com,2024-05-16 03:50:33,PLACED,2963.28
EXT100064,kshitiz.mehra47@example.com,2024-04-15 05:34:12,PLACED,975.36
EXT100065,ritu.mehra94@example.com,2024-06-18 23:40:56,PLACED,1575.41
EXT100066,sneha.sharma69@example.com,2024-05-10 16:55:31,PLACED,1282.44
EXT100067,ritu.mehra94@example.com,2023-10-02 11:44:05,DELIVERED,4457.20
EXT100068,ananya.iyer12@example.com,2023-10-13 16:24:47,PLACED,1519.60
EXT100069,rahul.rao60@example.com,2024-08-06 22:13:17,SHIPPED,2032.25
EXT100070,manish.iyer44@example.com,2023-01-30 17:59:49,DELIVERED,2451.75
EXT100071,aditya.jain24@example.com,2024-05-14 07:43:22,PLACED,2164.36
EXT100072,isha.verma34@example.com,2023-12-15 10:10:55,DELIVERED,3018.81
EXT100073,rahul.jain90@example.com,2023-10-10 20:14:08,PLACED,2015.15
EXT100074,tanya.kumar25@example.com,2023-03-29 08:47:15,DELIVERED,4750.74
EXT100075,isha.kumar63@example.com,2024-07-22 08:44:59,SHIPPED,2746.00
EXT100076,tanya.sharma83@example.com,2024-05-17 16:19:03,DELIVERED,1381.48
EXT100077,ananya.iyer12@example.com,2023-10-29 08:04:05,PLACED,3731.50
EXT100078,vikram.jain32@example.com,2023-11-10 21:10:25,PLACED,133.64
EXT100079,rohit.kumar71@example.com,2024-06-27 12:30:56,PLACED,2247.00
EXT100080,sneha.verma96@example.com,2024-07-17 12:02:37,PLACED,1483.68
EXT100081,pooja.iyer59@example.com,2023-10-05 11:09:49,PLACED,3510.20
EXT100082,rohit.rao16@example.com,2023-07-17 11:29:19,PLACED,789.94
EXT100083,sneha.sharma69@example.com,2023-07-09 06:58:25,PLACED,51.11
EXT100084,rahul.agarwal62@example.com,2023-10-11 21:27:58,CANCELLED,584.18
EXT100085,priya.das68@example.com,2023-10-17 03:39:36,DELIVERED,246.69
EXT100086,vikas.agarwal38@example.com,2023-08-21 13:08:21,PLACED,1435.09
EXT100087,pooja.singh2@example.com,2024-06-30 04:36:31,PLACED,83.88
EXT100088,tanya.jain7@example.com,2024-07-20 10:38:10,SHIPPED,2314.97
EXT100089,pooja.bose17@example.com,2024-05-17 03:44:06,DELIVERED,2622.97
EXT100090,tanya.verma74@example.com,2023-10-19 17:05:24,PLACED,1494.41
EXT100091,manish.iyer44@example.com,2023-07-08 01:52:14,PLACED,549.54
EXT100092,rahul.agarwal62@example.com,2023-04-27 02:22:44,PLACED,1860.62
EXT100093,rohit.bose10@example.com,2024-08-13 22:55:02,SHIPPED,1965.09
EXT100094,neha.patel20@example.com,2023-06-02 20:29:32,CANCELLED,381.39
EXT100095,rahul.jain11@example.com,2023-09-12 04:18:45,SHIPPED,180.57
EXT100096,rohit.malik54@example.com,2023-08-20 19:01:34,PLACED,885.84
EXT100097,sneha.kumar57@example.com,2023-11-01 21:25:39,RETURNED,459.50
EXT100098,kshitiz.verma40@example.com,2024-08-05 22:36:39,PLACED,1267.92
EXT100099,amit.mehra95@example.com,2023-04-12 07:33:55,SHIPPED,1809.66
EXT100100,isha.verma34@example.com,2023-03-25 05:43:05,PLACED,1509.04
EXT100101,rohit.kumar71@example.com,2023-03-18 05:41:57,PLACED,2289.90
EXT100102,kshitiz.sharma58@example.com,2024-04-26 10:36:15,PLACED,3842.71
EXT100103,saurabh.iyer37@example.com,2023-10-17 16:31:50,PLACED,2399.35
EXT100104,karan.gupta30@example.com,2023-09-28 22:45:27,SHIPPED,3859.00
EXT100105,pooja.chopra26@example.com,2024-03-11 04:10:43,SHIPPED,3514.76
EXT100106,tanya.sharma83@example.com,2023-06-02 09:40:16,DELIVERED,2900.86
EXT100107,rohit.bose10@example.com,2023-03-03 06:02:27,DELIVERED,2222.55
EXT100108,isha.kumar77@example.com,2024-08-05 10:30:28,PLACED,3061.88
EXT100109,rahul.rao60@example.com,2023-11-08 14:39:17,CANCELLED,1791.49
EXT100110,isha.bose65@example.com,2024-07-06 17:58:42,PLACED,1390.29
EXT100111,isha.kumar77@example.com,2023-02-10 15:43:46,DELIVERED,5100.08
EXT100112,neha.jain78@example.com,2023-09-14 00:56:30,PLACED,2401.43
EXT100113,simran.verma87@example.com,2024-08-12 21:22:35,CANCELLED,2780.92
EXT100114,rahul.malik98@example.com,2023-10-03 20:58:49,PLACED,594.02
EXT100115,manish.gupta97@example.com,2023-06-29 17:07:49,SHIPPED,1447.95
EXT100116,sneha.kumar57@example.com,2023-10-12 06:36:28,RETURNED,1280.83
EXT100117,ananya.mehra56@example.com,2024-05-18 03:19:19,PLACED,4656.96
EXT100118,manish.chopra53@example.com,2023-12-08 11:41:21,SHIPPED,2922.48
EXT100119,vikas.rao21@example.com,2023-12-04 14:59:15,SHIPPED,1691.35
EXT100120,saurabh.iyer37@example.com,2024-02-15 20:01:42,PLACED,2736.98
EXT100121,ananya.iyer12@example.com,2023-11-19 09:11:22,PLACED,2365.31
EXT100122,ritu.singh99@example.com,2024-02-18 18:44:09,DELIVERED,2572.61
EXT100123,sneha.sharma1@example.com,2024-07-09 16:49:12,PLACED,3215.76
EXT100124,tanya.kumar25@example.com,2024-06-14 13:10:19,SHIPPED,2352.21
EXT100125,vikram.iyer64@example.com,2024-03-28 01:52:44,PLACED,87.88
EXT100126,rohit.kumar71@example.com,2023-05-15 10:29:12,PLACED,1574.41
EXT100127,rahul.jain90@example.com,2024-05-11 04:25:15,PLACED,657.80
EXT100128,isha.singh81@example.com,2023-09-03 05:45:58,PLACED,3725.84
EXT100129,pooja.singh2@example.com,2024-07-19 14:51:16,PLACED,2003.20
EXT100130,simran.malik15@example.com,2024-04-17 04:16:36,SHIPPED,1207.20
EXT100131,neha.patel20@example.com,2024-05-25 10:37:34,SHIPPED,3341.50
EXT100132,karan.das35@example.com,2024-03-01 17:34:02,RETURNED,1326.80
EXT100133,vikram.jain32@example.com,2024-04-12 20:04:15,PLACED,4989.41
EXT100134,tanya.kumar25@example.com,2024-06-04 04:58:12,DELIVERED,388.23
EXT100135,riya.iyer36@example.com,2024-02-29 12:22:28,CANCELLED,1604.04
EXT100136,isha.bose65@example.com,2023-10-01 00:05:36,PLACED,2071.64
EXT100137,sneha.das39@example.com,2024-08-16 17:49:38,DELIVERED,784.96
EXT100138,kshitiz.sharma58@example.com,2024-07-05 17:38:03,PLACED,3008.26
EXT100139,rohit.kumar71@example.com,2024-07-10 13:44:01,PLACED,2748.24
EXT100140,vikas.agarwal42@example.com,2023-07-13 08:41:40,SHIPPED,2847.46
EXT100141,karan.gupta30@example.com,2024-02-25 01:35:20,PLACED,1378.73
EXT100142,pooja.verma61@example.com,2024-01-26 14:03:24,RETURNED,4051.91
EXT100143,priya.iyer84@example.com,2023-06-05 18:02:03,CANCELLED,2875.98
EXT100144,pooja.bose17@example.com,2024-05-29 21:29:16,PLACED,1074.49
EXT100145,aditya.agarwal13@example.com,2024-03-26 03:37:49,SHIPPED,703.22
EXT100146,pooja.iyer59@example.com,2023-01-16 05:14:54,PLACED,3048.23
EXT100147,priya.iyer84@example.com,2023-06-08 02:43:27,PLACED,1417.01
EXT100148,isha.verma34@example.com,2023-12-13 22:41:31,SHIPPED,4403.68
EXT100149,priya.iyer84@example.com,2023-03-24 11:57:45,DELIVERED,4775.40
EXT100150,sneha.sharma69@example.com,2024-01-25 11:31:45,SHIPPED,3224.00
EXT100151,rahul.malik98@example.com,2024-05-14 19:41:52,PLACED,2906.83
EXT100152,riya.patel9@example.com,2023-08-29 22:58:47,SHIPPED,2359.48
EXT100153,saurabh.iyer37@example.com,2023-08-21 03:17:26,PLACED,49.26
EXT100154,aditya.agarwal13@example.com,2023-04-13 16:09:13,PLACED,2535.48
EXT100155,sneha.das39@example.com,2023-01-30 01:40:28,PLACED,602.15
EXT100156,vikram.gupta8@example.com,2023-10-28 13:03:04,PLACED,846.64
EXT100157,vikas.mehra19@example.com,2023-09-08 19:20:21,PLACED,510.93
EXT100158,saurabh.verma88@example.com,2023-07-04 06:11:20,PLACED,604.26
EXT100159,vikas.malik79@example.com,2024-01-27 22:33:46,SHIPPED,921.66
EXT100160,vikram.iyer64@example.com,2024-08-20 05:12:38,PLACED,46.12
EXT100161,rohit.sharma82@example.com,2023-09-18 16:43:56,PLACED,670.26
EXT100162,pooja.singh2@example.com,2024-04-21 10:28:20,SHIPPED,1508.80
EXT100163,vikas.rao21@example.com,2023-03-17 16:04:58,CANCELLED,4156.14
EXT100164,pooja.singh76@example.com,2023-11-03 23:15:46,CANCELLED,1317.53
EXT100165,vikram.iyer89@example.com,2023-09-14 16:37:58,DELIVERED,333.88
EXT100166,pooja.chopra26@example.com,2024-01-29 17:35:35,PLACED,3713.94
EXT100167,priya.kumar49@example.com,2024-08-08 13:04:09,SHIPPED,2303.34
EXT100168,rahul.jain90@example.com,2023-10-30 00:47:55,CANCELLED,699.24
EXT100169,manish.singh85@example.com,2024-02-10 09:59:36,PLACED,3196.85
EXT100170,saurabh.verma88@example.com,2023-02-20 22:04:42,DELIVERED,518.68
EXT100171,saurabh.iyer37@example.com,2023-08-24 22:06:09,DELIVERED,707.58
EXT100172,isha.jain29@example.com,2023-07-14 22:36:21,PLACED,3455.22
EXT100173,manish.gupta97@example.com,2023-05-21 22:52:25,PLACED,2480.86
EXT100174,isha.singh81@example.com,2023-02-10 11:14:52,DELIVERED,715.44
EXT100175,pooja.agarwal5@example.com,2024-08-16 13:17:03,DELIVERED,544.52
EXT100176,ananya.iyer12@example.com,2023-10-30 11:53:43,DELIVERED,920.18
EXT100177,tanya.rao23@example.com,2023-07-25 04:48:42,DELIVERED,2423.10
EXT100178,kshitiz.mehra47@example.com,2024-06-27 18:16:11,CANCELLED,1431.36
EXT100179,rahul.iyer22@example.com,2023-09-21 17:32:36,CANCELLED,4077.60
EXT100180,vikas.agarwal38@example.com,2023-12-13 04:11:35,PLACED,1221.76
EXT100181,rohit.bose10@example.com,2023-05-25 08:12:51,DELIVERED,2005.50
EXT100182,vikas.jain93@example.com,2024-02-11 20:17:28,PLACED,1289.96
EXT100183,tanya.bose51@example.com,2023-01-15 09:37:43,SHIPPED,2180.85
EXT100184,pooja.iyer59@example.com,2024-01-13 09:32:42,SHIPPED,372.36
EXT100185,rohit.sharma82@example.com,2024-01-16 03:56:41,SHIPPED,233.16
EXT100186,pooja.verma61@example.com,2023-01-26 22:33:25,DELIVERED,1831.00
EXT100187,karan.jain72@example.com,2023-12-02 22:12:44,PLACED,3923.40
EXT100188,riya.patel9@example.com,2024-04-20 11:00:08,SHIPPED,3341.46
EXT100189,simran.malik15@example.com,2023-05-24 01:39:03,CANCELLED,1100.56
EXT100190,sneha.das39@example.com,2024-05-19 04:13:40,PLACED,3103.94
EXT100191,sneha.sharma69@example.com,2023-05-19 14:09:00,PLACED,290.73
EXT100192,rahul.chopra86@example.com,2024-07-07 15:15:35,SHIPPED,772.56
EXT100193,ritu.mehra94@example.com,2023-06-08 15:06:19,SHIPPED,1082.30
EXT100194,isha.kumar63@example.com,2024-02-22 10:11:06,PLACED,761.32
EXT100195,ananya.malik48@example.com,2023-08-11 16:08:35,PLACED,2534.37
EXT100196,tanya.agarwal31@example.com,2024-01-07 03:37:02,RETURNED,3259.80
EXT100197,ananya.malik48@example.com,2024-07-11 23:28:38,PLACED,5783.34
EXT100198,tanya.bose51@example.com,2023-10-10 06:54:38,CANCELLED,366.17
EXT100199,pooja.iyer59@example.com,2023-04-04 07:43:21,SHIPPED,1429.40
EXT100200,isha.kumar77@example.com,2023-01-22 01:50:29,DELIVERED,1707.04
EXT100201,vikram.jain32@example.com,2023-05-09 20:33:20,PLACED,4490.51
EXT100202,rahul.malik98@example.com,2024-07-21 07:32:32,SHIPPED,1408.20
EXT100203,karan.gupta30@example.com,2023-12-03 05:22:20,DELIVERED,5387.43
EXT100204,isha.kumar77@example.com,2023-01-03 10:05:42,DELIVERED,1272.72
EXT100205,vikas.mehra19@example.com,2023-05-14 19:40:07,PLACED,2679.66
EXT100206,tanya.rao23@example.com,2023-04-23 00:56:19,PLACED,1469.34
EXT100207,manish.malik46@example.com,2023-09-01 21:26:22,PLACED,1359.54
EXT100208,tanya.rao23@example.com,2023-09-29 01:54:28,PLACED,721.78
EXT100209,rohit.malik54@example.com,2024-06-22 04:08:16,DELIVERED,1735.20
EXT100210,pooja.verma61@example.com,2024-04-04 13:10:53,SHIPPED,2748.65
EXT100211,rahul.agarwal14@example.com,2024-04-07 18:20:39,PLACED,471.04
EXT100212,vikas.malik79@example.com,2023-02-14 23:59:23,SHIPPED,867.28
EXT100213,pooja.iyer59@example.com,2023-02-01 02:12:52,RETURNED,976.25
EXT100214,isha.agarwal52@example.com,2024-03-12 03:55:50,PLACED,483.96
EXT100215,sneha.kumar57@example.com,2023-03-17 02:56:29,PLACED,2442.03
EXT100216,vikas.mehra19@example.com,2023-03-09 04:35:40,PLACED,2334.47
EXT100217,rohit.sharma82@example.com,2024-08-22 19:57:54,DELIVERED,3965.82
EXT100218,priya.kumar49@example.com,2024-06-27 10:44:12,PLACED,5339.78
EXT100219,neha.jain78@example.com,2024-03-16 03:36:39,DELIVERED,2531.76
EXT100220,simran.malik15@example.com,2024-07-18 07:49:43,PLACED,2358.04
EXT100221,karan.gupta30@example.com,2024-02-28 12:20:24,DELIVERED,2756.14
EXT100222,isha.agarwal52@example.com,2024-03-01 03:27:43,PLACED,2659.38
EXT100223,neha.mehra41@example.com,2023-09-19 13:37:40,CANCELLED,1084.95
EXT100224,saurabh.verma88@example.com,2024-04-30 02:26:39,PLACED,1388.42
EXT100225,rahul.jain11@example.com,2023-04-06 15:43:26,PLACED,825.12
EXT100226,amit.mehra95@example.com,2024-01-17 04:44:14,SHIPPED,812.78
EXT100227,pooja.singh76@example.com,2024-07-29 20:27:00,PLACED,3571.82
EXT100228,rohit.rao16@example.com,2024-02-25 12:52:26,DELIVERED,1232.19
EXT100229,manish.gupta97@example.com,2024-03-09 01:52:23,CANCELLED,1513.63
EXT100230,isha.kumar77@example.com,2023-11-16 12:48:10,PLACED,864.24
EXT100231,isha.bose65@example.com,2023-08-06 05:38:00,SHIPPED,554.82
EXT100232,isha.jain29@example.com,2023-04-21 12:44:50,DELIVERED,1232.61
EXT100233,ananya.malik48@example.com,2023-04-28 10:08:32,SHIPPED,1058.75
EXT100234,rohit.rao55@example.com,2024-07-28 22:38:10,SHIPPED,3331.95
EXT100235,tanya.sharma83@example.com,2024-07-24 00:57:21,SHIPPED,1157.31
EXT100236,manish.singh85@example.com,2023-10-01 01:03:14,PLACED,1076.67
EXT100237,rahul.jain90@example.com,2023-11-13 12:22:21,PLACED,843.60
EXT100238,aditya.jain24@example.com,2023-05-27 20:37:08,SHIPPED,550.90
EXT100239,riya.patel9@example.com,2023-05-26 23:03:11,CANCELLED,161.07
EXT100240,ananya.iyer12@example.com,2024-06-27 07:49:57,PLACED,607.12
EXT100241,pooja.iyer59@example.com,2023-12-16 05:43:51,PLACED,85.64
EXT100242,vikas.jain93@example.com,2023-11-29 20:39:55,SHIPPED,1634.85
EXT100243,tanya.jain7@example.com,2023-06-09 05:43:52,DELIVERED,1688.52
EXT100244,tanya.jain7@example.com,2023-03-25 09:54:25,PLACED,1056.80
EXT100245,rohit.rao55@example.com,2024-05-12 22:06:10,PLACED,4033.55
EXT100246,karan.das35@example.com,2023-08-09 18:39:14,PLACED,1332.79
EXT100247,ananya.mehra56@example.com,2023-04-24 10:18:45,SHIPPED,4366.22
EXT100248,pooja.singh76@example.com,2024-05-13 19:11:06,SHIPPED,2238.64
EXT100249,tanya.kumar6@example.com,2023-08-14 14:23:27,RETURNED,2948.10
EXT100250,vikram.gupta8@example.com,2023-01-08 07:26:34,PLACED,3009.78
EXT100251,vikram.malik28@example.com,2023-05-21 09:18:11,PLACED,2264.81
EXT100252,rohit.rao16@example.com,2023-01-08 18:06:33,DELIVERED,5968.27
EXT100253,tanya.rao23@example.com,2023-05-13 13:50:34,SHIPPED,2016.90
EXT100254,karan.gupta30@example.com,2024-05-27 20:20:33,DELIVERED,3375.55
EXT100255,manish.malik46@example.com,2023-03-15 14:27:24,DELIVERED,642.42
EXT100256,tanya.kumar6@example.com,2024-03-22 00:40:56,PLACED,181.34
EXT100257,rohit.bose10@example.com,2023-11-17 20:57:45,PLACED,1865.73
EXT100258,isha.agarwal52@example.com,2024-03-03 10:32:27,PLACED,2103.42
EXT100259,tanya.verma3@example.com,2023-11-29 06:15:27,DELIVERED,2069.90
EXT100260,riya.rao80@example.com,2024-04-16 13:10:28,PLACED,1753.86
EXT100261,rahul.agarwal14@example.com,2023-09-07 15:51:44,SHIPPED,429.32
EXT100262,priya.das68@example.com,2023-03-22 14:24:33,DELIVERED,3085.91
EXT100263,sneha.verma96@example.com,2023-12-14 08:04:01,PLACED,7474.90
EXT100264,rahul.iyer22@example.com,2023-03-20 18:35:10,SHIPPED,1061.45
EXT100265,priya.das68@example.com,2024-06-06 07:03:35,CANCELLED,970.68
EXT100266,ananya.bose45@example.com,2023-12-26 23:29:59,DELIVERED,2112.72
EXT100267,tanya.agarwal31@example.com,2023-04-16 05:19:54,PLACED,2798.41
EXT100268,tanya.rao23@example.com,2023-06-06 23:51:58,PLACED,5129.78
EXT100269,ritu.singh99@example.com,2024-05-20 16:53:31,DELIVERED,1792.26
EXT100270,rahul.malik98@example.com,2024-08-16 16:20:38,SHIPPED,268.00
EXT100271,aditya.kumar73@example.com,2023-11-27 22:50:10,PLACED,3241.43
EXT100272,sneha.kumar57@example.com,2023-03-11 17:04:22,PLACED,1105.12
EXT100273,sneha.das39@example.com,2023-10-09 21:31:58,PLACED,2716.44
EXT100274,isha.bose65@example.com,2023-03-17 11:18:05,PLACED,1071.25
EXT100275,pooja.agarwal5@example.com,2023-02-28 13:25:31,DELIVERED,1666.16
EXT100276,rohit.bose10@example.com,2023-04-03 22:23:30,SHIPPED,4454.25
EXT100277,rahul.rao50@example.com,2024-04-18 21:07:44,SHIPPED,716.02
EXT100278,amit.mehra95@example.com,2023-02-12 16:22:27,CANCELLED,1747.24
EXT100279,tanya.verma74@example.com,2023-07-12 11:42:23,SHIPPED,2301.50
EXT100280,isha.bose65@example.com,2023-06-04 02:15:09,PLACED,1965.50
EXT100281,manish.iyer44@example.com,2023-03-28 18:22:12,SHIPPED,905.91
EXT100282,tanya.kumar6@example.com,2023-09-11 15:56:17,RETURNED,883.82
EXT100283,priya.das68@example.com,2024-06-19 22:12:08,PLACED,1351.84
EXT100284,ananya.malik48@example.com,2023-10-17 14:06:19,PLACED,1314.54
EXT100285,manish.iyer44@example.com,2023-02-23 22:58:11,SHIPPED,1298.69
EXT100286,riya.patel9@example.com,2023-12-04 03:26:27,SHIPPED,3973.82
EXT100287,rahul.rao50@example.com,2023-10-18 09:10:29,DELIVERED,3923.56
EXT100288,manish.singh85@example.com,2023-06-03 12:08:14,PLACED,1832.13
EXT100289,manish.singh85@example.com,2023-05-25 12:44:11,PLACED,1754.92
EXT100290,priya.iyer84@example.com,2024-02-06 04:41:41,SHIPPED,802.80
EXT100291,rahul.jain11@example.com,2023-11-14 20:20:59,PLACED,1673.48
EXT100292,sneha.chopra43@example.com,2023-05-11 19:09:55,PLACED,808.90
EXT100293,rahul.chopra86@example.com,2024-03-09 18:30:48,PLACED,2766.31
EXT100294,kshitiz.mehra47@example.com,2023-11-13 06:33:47,CANCELLED,346.84
EXT100295,manish.iyer44@example.com,2024-05-12 06:59:26,PLACED,2162.51
EXT100296,pooja.chopra18@example.com,2023-06-08 02:48:34,PLACED,484.71
EXT100297,aditya.agarwal13@example.com,2024-06-03 19:39:08,DELIVERED,855.00
EXT100298,priya.das68@example.com,2023-02-08 12:15:40,DELIVERED,688.16
EXT100299,riya.rao80@example.com,2023-05-15 21:44:42,PLACED,2992.57
EXT100300,vikas.rao21@example.com,2023-07-05 22:44:45,DELIVERED,171.46
EXT100301,rahul.iyer22@example.com,2024-03-24 01:35:26,PLACED,330.18
EXT100302,simran.verma87@example.com,2023-09-01 16:10:22,SHIPPED,1968.12
EXT100303,manish.gupta97@example.com,2024-04-04 08:31:11,SHIPPED,1969.08
EXT100304,kshitiz.verma40@example.com,2024-04-25 07:03:50,PLACED,609.93
EXT100305,tanya.verma74@example.com,2024-03-27 16:48:33,DELIVERED,1263.24
EXT100306,ritu.iyer100@example.com,2024-01-27 18:18:36,SHIPPED,693.09
EXT100307,vikas.rao21@example.com,2023-07-24 22:00:54,PLACED,2515.20
EXT100308,ananya.kumar33@example.com,2023-02-23 23:20:40,PLACED,1371.17
EXT100309,ananya.malik48@example.com,2024-07-21 03:44:06,DELIVERED,1469.33
EXT100310,ananya.jain67@example.com,2023-05-08 10:22:43,PLACED,980.34
EXT100311,vikas.rao21@example.com,2023-10-07 16:21:33,CANCELLED,1247.26
EXT100312,vikas.mehra19@example.com,2024-03-23 03:20:21,CANCELLED,2470.47
EXT100313,isha.jain29@example.com,2024-04-06 12:43:40,CANCELLED,2306.74
EXT100314,rohit.malik54@example.com,2023-02-24 14:26:04,SHIPPED,1731.16
EXT100315,tanya.agarwal31@example.com,2024-01-31 02:58:16,PLACED,573.00
EXT100316,priya.sharma4@example.com,2023-11-23 03:36:27,DELIVERED,1282.22
EXT100317,priya.iyer84@example.com,2023-12-10 05:19:02,PLACED,3089.14
EXT100318,saurabh.iyer37@example.com,2024-04-28 05:03:11,DELIVERED,1036.79
EXT100319,pooja.verma61@example.com,2024-04-04 22:24:14,PLACED,2203.38
EXT100320,rahul.jain11@example.com,2023-01-20 09:19:04,PLACED,2886.14
EXT100321,neha.patel20@example.com,2024-07-15 22:10:07,SHIPPED,330.60
EXT100322,simran.malik15@example.com,2023-10-23 08:39:07,PLACED,2983.55
EXT100323,tanya.jain7@example.com,2023-09-02 15:17:07,SHIPPED,1031.40
EXT100324,riya.rao80@example.com,2024-04-13 02:17:12,PLACED,5027.16
EXT100325,vikram.iyer64@example.com,2024-07-02 00:35:54,SHIPPED,2515.44
EXT100326,tanya.verma74@example.com,2023-09-05 05:13:38,PLACED,5075.50
EXT100327,sneha.sharma1@example.com,2023-12-28 08:45:31,SHIPPED,3514.70
EXT100328,aditya.jain24@example.com,2023-03-29 19:03:34,CANCELLED,563.32
EXT100329,riya.patel9@example.com,2024-06-22 19:48:33,SHIPPED,1849.05
EXT100330,isha.bose65@example.com,2024-07-21 00:44:25,PLACED,4178.74
EXT100331,pooja.verma61@example.com,2023-02-14 23:08:38,PLACED,614.36
EXT100332,ananya.malik48@example.com,2023-09-17 00:35:28,PLACED,2469.45
EXT100333,riya.patel9@example.com,2023-12-20 08:46:44,DELIVERED,2751.71
EXT100334,isha.singh81@example.com,2023-04-17 21:11:11,DELIVERED,1611.83
EXT100335,sneha.chopra43@example.com,2023-05-17 01:36:51,PLACED,1760.40
EXT100336,manish.iyer44@example.com,2023-06-29 16:54:59,RETURNED,623.64
EXT100337,rahul.agarwal62@example.com,2023-07-06 04:54:35,PLACED,108.73
EXT100338,ritu.iyer100@example.com,2024-04-13 01:20:47,PLACED,1901.52
EXT100339,tanya.kumar6@example.com,2023-07-24 01:31:32,PLACED,3231.81
EXT100340,kshitiz.verma40@example.com,2024-06-11 14:29:56,RETURNED,2223.00
EXT100341,kshitiz.bose70@example.com,2024-04-29 09:13:22,PLACED,1373.58
EXT100342,tanya.sharma83@example.com,2023-07-15 10:25:01,PLACED,1936.49
EXT100343,ritu.iyer100@example.com,2023-02-18 23:52:28,PLACED,375.62
EXT100344,rohit.rao16@example.com,2024-01-12 15:54:32,DELIVERED,2781.77
EXT100345,sneha.verma96@example.com,2024-03-26 14:04:38,PLACED,1967.81
EXT100346,aditya.jain24@example.com,2024-05-23 18:06:51,PLACED,565.06
EXT100347,ananya.jain67@example.com,2023-10-01 03:00:28,DELIVERED,155.34
EXT100348,rahul.jain11@example.com,2024-03-16 21:56:04,RETURNED,2345.31
EXT100349,aditya.jain24@example.com,2024-07-12 10:41:44,PLACED,2619.76
EXT100350,rahul.jain11@example.com,2023-12-02 10:45:50,PLACED,1478.96
EXT100351,neha.jain78@example.com,2024-03-12 06:04:02,SHIPPED,2528.29
EXT100352,ananya.bose45@example.com,2024-04-02 01:32:31,DELIVERED,795.18
EXT100353,manish.malik46@example.com,2024-03-21 09:59:46,SHIPPED,3123.18
EXT100354,vikram.gupta8@example.com,2023-03-18 23:12:40,PLACED,615.19
EXT100355,sneha.verma66@example.com,2023-06-13 01:08:01,PLACED,4103.29
EXT100356,neha.jain78@example.com,2024-03-24 01:16:01,PLACED,954.08
EXT100357,tanya.agarwal31@example.com,2024-01-11 13:11:07,PLACED,3288.09
EXT100358,aditya.kumar73@example.com,2023-02-03 22:01:50,PLACED,920.68
EXT100359,kshitiz.sharma58@example.com,2024-01-15 13:32:40,PLACED,2458.74
EXT100360,rohit.bose10@example.com,2024-08-10 05:00:47,SHIPPED,1669.17
EXT100361,tanya.bose51@example.com,2023-11-18 23:38:59,PLACED,1236.63
EXT100362,simran.malik15@example.com,2023-01-27 06:46:25,PLACED,1854.32
EXT100363,rahul.rao50@example.com,2024-07-29 04:17:15,PLACED,4660.18
EXT100364,isha.verma34@example.com,2024-04-01 07:48:44,RETURNED,4181.34
EXT100365,saurabh.iyer37@example.com,2024-05-17 07:17:17,PLACED,1323.41
EXT100366,rohit.bose10@example.com,2024-04-07 06:17:10,DELIVERED,4355.63
EXT100367,sneha.kumar57@example.com,2023-03-31 11:38:09,SHIPPED,971.63
EXT100368,vikram.agarwal91@example.com,2023-03-08 20:01:29,SHIPPED,2567.74
EXT100369,sneha.das39@example.com,2023-06-11 23:13:04,PLACED,3252.78
EXT100370,kshitiz.mehra47@example.com,2024-06-04 08:09:51,PLACED,599.70
EXT100371,pooja.chopra26@example.com,2023-05-23 08:37:09,DELIVERED,3726.38
EXT100372,priya.sharma4@example.com,2024-01-05 20:10:16,SHIPPED,4294.58
EXT100373,rahul.rao60@example.com,2024-07-18 04:43:29,SHIPPED,4320.96
EXT100374,ananya.iyer12@example.com,2023-03-09 11:15:39,PLACED,2918.58
EXT100375,rohit.das92@example.com,2024-05-05 19:08:23,PLACED,2473.24
EXT100376,manish.chopra53@example.com,2024-08-11 02:41:06,PLACED,2099.09
EXT100377,neha.mehra41@example.com,2023-03-17 16:22:59,PLACED,1808.68
EXT100378,ananya.jain67@example.com,2023-12-19 04:40:21,DELIVERED,1764.60
EXT100379,ritu.iyer100@example.com,2024-07-18 23:17:39,SHIPPED,3107.07
EXT100380,ritu.singh99@example.com,2023-05-13 15:45:04,SHIPPED,947.20
EXT100381,vikram.gupta8@example.com,2023-05-08 18:51:48,PLACED,370.18
EXT100382,rahul.iyer22@example.com,2023-06-15 11:44:51,CANCELLED,2629.09
EXT100383,isha.jain29@example.com,2023-12-21 18:53:32,DELIVERED,140.04
EXT100384,rahul.jain11@example.com,2023-09-14 07:08:49,SHIPPED,207.88
EXT100385,rohit.kumar71@example.com,2023-10-09 04:33:26,SHIPPED,2142.81
EXT100386,vikas.malik79@example.com,2024-06-30 03:24:05,SHIPPED,3187.95
EXT100387,rahul.iyer22@example.com,2024-08-17 05:36:50,PLACED,835.20
EXT100388,riya.rao80@example.com,2023-12-12 20:31:14,PLACED,2545.55
EXT100389,priya.sharma4@example.com,2023-03-25 01:39:18,CANCELLED,5641.32
EXT100390,ritu.singh99@example.com,2024-08-13 09:38:08,SHIPPED,285.00
EXT100391,ritu.singh99@example.com,2024-08-08 15:10:02,SHIPPED,835.77
EXT100392,priya.sharma4@example.com,2024-05-24 22:50:03,SHIPPED,1264.56
EXT100393,tanya.sharma83@example.com,2023-11-06 17:35:00,PLACED,947.01
EXT100394,saurabh.verma88@example.com,2024-02-20 10:49:45,PLACED,4849.42
EXT100395,vikram.iyer89@example.com,2023-03-03 05:45:19,PLACED,3609.86
EXT100396,rahul.agarwal62@example.com,2024-04-20 07:25:41,PLACED,2038.30
EXT100397,vikas.mehra19@example.com,2023-11-17 11:37:33,DELIVERED,3456.08
EXT100398,ananya.bose45@example.com,2024-02-13 04:45:39,DELIVERED,2967.84
EXT100399,sneha.verma66@example.com,2024-07-29 03:51:57,PLACED,544.10
EXT100400,rahul.rao60@example.com,2023-05-06 09:44:18,PLACED,5592.00
EXT100401,vikas.mehra19@example.com,2023-04-10 01:50:32,PLACED,4663.01
EXT100402,rahul.rao50@example.com,2024-03-04 09:02:21,CANCELLED,3997.10
EXT100403,vikas.rao21@example.com,2023-12-02 21:01:58,DELIVERED,1624.53
EXT100404,tanya.kumar25@example.com,2023-06-13 18:08:28,RETURNED,331.26
EXT100405,rahul.rao60@example.com,2024-05-25 11:14:01,PLACED,5404.79
EXT100406,ananya.iyer12@example.com,2024-02-07 18:24:09,PLACED,1481.04
EXT100407,tanya.agarwal31@example.com,2023-08-09 21:14:20,PLACED,553.44
EXT100408,tanya.jain7@example.com,2023-10-16 18:01:06,SHIPPED,2578.45
EXT100409,priya.iyer84@example.com,2024-04-26 10:24:13,SHIPPED,181.82
EXT100410,rahul.agarwal14@example.com,2024-03-17 04:52:35,DELIVERED,818.26
EXT100411,ritu.mehra94@example.com,2024-01-10 14:40:55,PLACED,2305.00
EXT100412,isha.agarwal52@example.com,2023-02-22 20:45:47,SHIPPED,1030.02
EXT100413,kshitiz.mehra47@example.com,2024-07-20 10:30:27,PLACED,1293.76
EXT100414,isha.bose65@example.com,2024-04-06 20:01:10,PLACED,2111.17
EXT100415,riya.rao80@example.com,2023-05-02 04:41:04,CANCELLED,1080.82
EXT100416,tanya.bose51@example.com,2024-01-18 12:20:44,SHIPPED,1277.79
EXT100417,kshitiz.mehra47@example.com,2023-05-28 07:14:50,SHIPPED,6799.24
EXT100418,isha.agarwal52@example.com,2024-05-27 01:27:56,PLACED,5709.55
EXT100419,pooja.chopra18@example.com,2023-12-08 17:14:54,SHIPPED,456.74
EXT100420,neha.patel20@example.com,2024-06-11 05:05:21,PLACED,1794.29
EXT100421,vikas.malik79@example.com,2023-11-23 05:54:59,PLACED,1751.13
EXT100422,vikas.malik79@example.com,2023-11-03 21:37:00,PLACED,220.86
EXT100423,sneha.verma66@example.com,2024-06-29 17:50:05,DELIVERED,1254.05
EXT100424,sneha.das39@example.com,2024-05-01 00:36:20,PLACED,2140.93
EXT100425,simran.verma87@example.com,2023-04-23 15:09:56,SHIPPED,653.93
EXT100426,vikas.jain93@example.com,2023-01-28 21:43:58,PLACED,2063.68
EXT100427,priya.iyer84@example.com,2024-08-15 21:01:51,PLACED,1970.00
EXT100428,tanya.jain7@example.com,2024-08-20 17:29:33,PLACED,1940.34
EXT100429,isha.singh81@example.com,2024-01-25 05:22:49,DELIVERED,3102.87
EXT100430,vikram.jain32@example.com,2023-02-02 20:50:47,CANCELLED,2912.05
EXT100431,simran.malik15@example.com,2023-07-15 00:41:22,PLACED,5002.08
EXT100432,rohit.malik54@example.com,2023-06-05 15:02:07,SHIPPED,1359.67
EXT100433,manish.chopra53@example.com,2024-05-28 22:15:47,CANCELLED,837.86
EXT100434,amit.mehra95@example.com,2023-03-05 05:01:38,SHIPPED,1769.24
EXT100435,karan.jain72@example.com,2023-11-29 17:25:01,SHIPPED,912.41
EXT100436,neha.mehra41@example.com,2023-06-27 16:44:09,CANCELLED,320.10
EXT100437,manish.iyer44@example.com,2024-07-13 12:53:57,SHIPPED,4033.81
EXT100438,vikas.jain93@example.com,2023-09-28 22:12:43,PLACED,605.64
EXT100439,vikram.jain32@example.com,2023-10-13 20:19:09,PLACED,1222.74
EXT100440,sneha.das39@example.com,2023-10-23 07:32:48,SHIPPED,963.58
EXT100441,isha.kumar63@example.com,2023-11-21 17:28:08,PLACED,1715.12
EXT100442,vikas.jain93@example.com,2023-10-08 10:28:41,PLACED,1680.01
EXT100443,simran.verma87@example.com,2024-07-10 13:49:27,DELIVERED,1567.05
EXT100444,tanya.bose51@example.com,2023-12-20 05:19:58,PLACED,1661.90
EXT100445,saurabh.iyer37@example.com,2023-03-22 12:36:38,CANCELLED,3713.17
EXT100446,priya.iyer84@example.com,2023-09-20 17:26:33,PLACED,3121.20
EXT100447,sneha.sharma69@example.com,2023-10-05 20:27:44,SHIPPED,7766.95
EXT100448,pooja.chopra18@example.com,2023-04-22 22:24:58,DELIVERED,1501.31
EXT100449,tanya.agarwal31@example.com,2023-09-06 01:50:53,SHIPPED,1015.32
EXT100450,priya.das68@example.com,2023-08-20 23:13:36,PLACED,2038.74
EXT100451,aditya.agarwal13@example.com,2024-02-28 12:01:32,DELIVERED,3400.46
EXT100452,aditya.agarwal13@example.com,2023-05-21 00:11:19,CANCELLED,5428.52
EXT100453,vikas.rao21@example.com,2024-02-21 23:46:15,CANCELLED,2046.46
EXT100454,pooja.verma61@example.com,2024-05-03 23:41:07,PLACED,2914.93
EXT100455,saurabh.iyer37@example.com,2023-11-25 10:23:29,SHIPPED,433.16
EXT100456,ritu.singh99@example.com,2023-04-02 23:44:58,SHIPPED,2244.15
EXT100457,sneha.sharma69@example.com,2023-02-08 06:22:26,PLACED,1926.05
EXT100458,tanya.rao23@example.com,2023-02-07 14:27:14,DELIVERED,1926.99
EXT100459,aditya.jain24@example.com,2023-10-24 01:21:50,PLACED,2783.40
EXT100460,aditya.kumar73@example.com,2023-04-20 12:11:54,PLACED,2816.61
EXT100461,tanya.sharma83@example.com,2024-07-10 19:05:23,PLACED,4471.21
EXT100462,pooja.chopra18@example.com,2024-05-31 17:02:24,PLACED,2773.74
EXT100463,simran.malik15@example.com,2023-12-05 05:54:58,DELIVERED,403.45
EXT100464,tanya.sharma83@example.com,2023-09-21 06:46:45,PLACED,1175.11
EXT100465,manish.iyer44@example.com,2023-10-30 20:40:20,SHIPPED,2755.42
EXT100466,tanya.kumar25@example.com,2023-06-29 22:14:39,DELIVERED,555.17
EXT100467,isha.agarwal52@example.com,2024-03-13 18:45:38,PLACED,2262.90
EXT100468,isha.agarwal52@example.com,2023-04-08 06:43:39,RETURNED,1201.77
EXT100469,rahul.agarwal62@example.com,2023-11-28 09:01:52,PLACED,2253.62
EXT100470,rahul.rao50@example.com,2023-08-30 16:15:54,DELIVERED,3436.54
EXT100471,sneha.chopra43@example.com,2023-11-06 21:12:24,DELIVERED,1494.20
EXT100472,pooja.singh2@example.com,2023-09-25 23:47:59,PLACED,3425.27
EXT100473,tanya.agarwal31@example.com,2023-03-05 04:18:15,PLACED,628.57
EXT100474,vikas.rao21@example.com,2024-02-20 18:17:46,CANCELLED,3748.43
EXT100475,vikram.agarwal91@example.com,2023-11-15 04:16:29,SHIPPED,3552.38
EXT100476,vikas.agarwal38@example.com,2024-01-12 22:22:40,PLACED,4513.55
EXT100477,pooja.chopra18@example.com,2024-05-04 05:34:38,PLACED,2916.66
EXT100478,neha.jain78@example.com,2024-01-18 15:08:25,DELIVERED,2952.25
EXT100479,pooja.verma61@example.com,2024-07-04 07:57:07,DELIVERED,3609.62
EXT100480,saurabh.verma88@example.com,2023-03-25 19:07:59,PLACED,2958.92
EXT100481,vikram.agarwal91@example.com,2024-01-06 02:50:37,CANCELLED,5148.37
EXT100482,simran.malik15@example.com,2023-03-05 19:56:21,CANCELLED,2269.36
EXT100483,pooja.chopra26@example.com,2024-08-09 19:32:21,PLACED,488.95
EXT100484,vikas.agarwal42@example.com,2024-06-16 16:05:12,PLACED,2308.93
EXT100485,saurabh.gupta27@example.com,2024-08-20 17:47:51,PLACED,5115.84
EXT100486,sneha.verma66@example.com,2024-04-01 02:01:32,PLACED,2409.87
EXT100487,sneha.verma66@example.com,2024-03-01 16:37:53,SHIPPED,800.24
EXT100488,karan.jain72@example.com,2024-04-18 11:13:12,DELIVERED,2449.52
EXT100489,tanya.bose51@example.com,2023-09-18 00:06:35,DELIVERED,1216.05
EXT100490,tanya.chopra75@example.com,2023-03-16 01:38:56,PLACED,962.18
EXT100491,rahul.jain90@example.com,2023-03-07 19:42:11,RETURNED,212.59
EXT100492,riya.patel9@example.com,2024-04-28 01:09:19,PLACED,1001.58
EXT100493,aditya.jain24@example.com,2023-05-19 23:21:25,CANCELLED,1386.32
EXT100494,tanya.sharma83@example.com,2024-03-06 13:38:01,RETURNED,1184.08
EXT100495,priya.kumar49@example.com,2024-04-04 13:44:39,PLACED,3571.28
EXT100496,saurabh.verma88@example.com,2024-07-06 04:50:31,SHIPPED,1574.87
EXT100497,ananya.bose45@example.com,2023-05-02 06:29:52,RETURNED,4762.18
EXT100498,tanya.bose51@example.com,2024-06-25 04:38:11,DELIVERED,764.14
EXT100499,isha.jain29@example.com,2023-01-04 00:49:39,CANCELLED,682.86
EXT100500,rahul.rao60@example.com,2024-07-11 15:26:31,SHIPPED,4338.15
EXT100501,karan.gupta30@example.com,2023-09-11 16:46:15,PLACED,4341.95
EXT100502,riya.iyer36@example.com,2023-07-13 04:06:30,PLACED,1540.57
EXT100503,manish.singh85@example.com,2024-03-05 22:23:19,DELIVERED,3314.40
EXT100504,tanya.verma3@example.com,2023-09-04 07:30:11,PLACED,1815.08
EXT100505,isha.kumar77@example.com,2023-02-04 16:15:15,SHIPPED,2551.94
EXT100506,vikram.agarwal91@example.com,2023-02-19 08:54:37,DELIVERED,5390.67
EXT100507,isha.agarwal52@example.com,2024-03-25 08:31:55,SHIPPED,3113.85
EXT100508,manish.gupta97@example.com,2023-02-27 05:06:07,SHIPPED,564.35
EXT100509,vikas.agarwal38@example.com,2023-08-28 20:58:31,PLACED,4937.13
EXT100510,isha.kumar77@example.com,2023-11-25 08:37:31,PLACED,3702.90
EXT100511,vikas.mehra19@example.com,2024-06-17 08:02:52,PLACED,795.28
EXT100512,riya.iyer36@example.com,2023-03-04 20:16:10,CANCELLED,353.36
EXT100513,amit.mehra95@example.com,2023-06-29 22:47:30,SHIPPED,2742.37
EXT100514,karan.jain72@example.com,2024-05-22 01:42:25,CANCELLED,829.56
EXT100515,tanya.sharma83@example.com,2024-01-26 19:05:42,PLACED,1064.89
EXT100516,rohit.malik54@example.com,2024-02-23 05:25:58,PLACED,4038.67
EXT100517,aditya.jain24@example.com,2024-07-04 17:14:25,PLACED,966.74
EXT100518,isha.jain29@example.com,2023-11-04 05:15:20,DELIVERED,1791.28
EXT100519,vikram.gupta8@example.com,2024-07-29 15:01:30,CANCELLED,1780.41
EXT100520,karan.jain72@example.com,2024-06-26 04:52:55,PLACED,1410.98
EXT100521,ananya.kumar33@example.com,2023-07-28 12:01:28,SHIPPED,33.45
EXT100522,kshitiz.sharma58@example.com,2024-01-15 03:21:59,SHIPPED,298.75
EXT100523,tanya.kumar25@example.com,2023-02-22 09:46:27,PLACED,668.16
EXT100524,neha.jain78@example.com,2023-02-10 02:38:59,PLACED,534.83
EXT100525,rahul.malik98@example.com,2024-07-26 07:54:04,PLACED,2717.92
EXT100526,sneha.chopra43@example.com,2023-11-07 00:33:29,PLACED,1494.52
EXT100527,tanya.kumar25@example.com,2023-05-01 17:26:13,CANCELLED,1138.12
EXT100528,rahul.jain90@example.com,2023-07-29 14:26:27,CANCELLED,748.19
EXT100529,rohit.kumar71@example.com,2023-11-26 10:18:21,PLACED,1998.76
EXT100530,sneha.sharma69@example.com,2024-01-03 11:13:45,PLACED,42.11
EXT100531,sneha.verma66@example.com,2024-05-24 16:58:00,PLACED,1015.21
EXT100532,vikas.jain93@example.com,2024-04-25 11:39:33,CANCELLED,1567.95
EXT100533,ananya.malik48@example.com,2023-11-17 15:04:14,PLACED,384.95
EXT100534,isha.jain29@example.com,2023-05-30 00:35:25,PLACED,3573.10
EXT100535,tanya.chopra75@example.com,2024-08-16 15:12:12,PLACED,2307.16
EXT100536,pooja.chopra26@example.com,2023-12-04 08:22:29,PLACED,3491.17
EXT100537,vikram.jain32@example.com,2024-05-26 20:02:53,SHIPPED,699.80
EXT100538,saurabh.verma88@example.com,2023-12-12 09:22:08,DELIVERED,2685.24
EXT100539,isha.kumar63@example.com,2024-05-17 16:46:41,PLACED,4923.02
EXT100540,manish.malik46@example.com,2023-06-23 05:05:44,DELIVERED,2671.29
EXT100541,isha.kumar63@example.com,2023-07-08 19:44:18,RETURNED,7008.84
EXT100542,vikram.gupta8@example.com,2024-06-20 01:13:53,DELIVERED,377.72
EXT100543,rohit.bose10@example.com,2023-02-19 00:13:56,PLACED,3892.23
EXT100544,isha.singh81@example.com,2023-08-25 02:28:28,DELIVERED,2055.31
EXT100545,pooja.singh2@example.com,2023-08-12 18:24:47,PLACED,839.58
EXT100546,vikram.gupta8@example.com,2024-05-09 17:45:44,PLACED,1887.87
EXT100547,sneha.sharma69@example.com,2024-07-18 14:58:34,PLACED,847.51
EXT100548,priya.das68@example.com,2023-10-09 19:30:20,CANCELLED,764.68
EXT100549,tanya.verma3@example.com,2024-05-29 15:40:36,DELIVERED,3675.96
EXT100550,tanya.rao23@example.com,2023-04-20 03:30:24,SHIPPED,6737.56
EXT100551,tanya.agarwal31@example.com,2023-07-16 22:33:55,SHIPPED,4967.12
EXT100552,manish.malik46@example.com,2023-10-01 14:27:02,PLACED,1222.43
EXT100553,isha.agarwal52@example.com,2024-04-15 20:34:15,PLACED,721.32
EXT100554,rahul.jain90@example.com,2023-08-20 10:55:18,SHIPPED,606.60
EXT100555,rahul.jain11@example.com,2023-02-02 03:24:15,PLACED,2062.60
EXT100556,priya.kumar49@example.com,2024-07-19 17:19:50,PLACED,1882.15
EXT100557,pooja.singh2@example.com,2023-06-25 03:00:37,PLACED,1753.14
EXT100558,ananya.mehra56@example.com,2023-12-06 20:36:07,CANCELLED,112.65
EXT100559,aditya.agarwal13@example.com,2024-06-24 01:32:57,PLACED,82.70
EXT100560,vikram.iyer89@example.com,2024-08-03 17:18:44,PLACED,2612.99
EXT100561,rohit.bose10@example.com,2023-10-15 19:46:16,SHIPPED,5297.77
EXT100562,pooja.agarwal5@example.com,2023-07-03 11:27:00,PLACED,878.72
EXT100563,saurabh.gupta27@example.com,2023-05-28 14:30:05,CANCELLED,2383.92
EXT100564,sneha.das39@example.com,2023-06-16 20:31:59,PLACED,4726.77
EXT100565,rahul.rao50@example.com,2024-07-07 12:04:40,PLACED,1146.25
EXT100566,amit.mehra95@example.com,2023-05-24 02:51:19,SHIPPED,959.78
EXT100567,ananya.bose45@example.com,2023-02-24 03:33:23,PLACED,2783.62
EXT100568,rohit.bose10@example.com,2023-12-15 22:02:00,DELIVERED,2345.57
EXT100569,isha.kumar77@example.com,2024-02-11 11:52:58,PLACED,1148.82
EXT100570,karan.das35@example.com,2024-04-06 17:51:44,PLACED,1268.00
EXT100571,rohit.kumar71@example.com,2024-01-20 15:43:23,PLACED,153.48
EXT100572,tanya.chopra75@example.com,2024-01-25 03:07:12,DELIVERED,1610.82
EXT100573,vikas.agarwal38@example.com,2023-09-10 02:40:34,PLACED,621.48
EXT100574,neha.patel20@example.com,2024-01-25 23:04:46,PLACED,2127.94
EXT100575,rahul.rao50@example.com,2023-11-21 13:07:57,PLACED,940.64
EXT100576,sneha.sharma1@example.com,2023-11-12 16:11:32,PLACED,4009.20
EXT100577,karan.das35@example.com,2023-04-15 04:49:27,PLACED,523.68
EXT100578,ananya.mehra56@example.com,2024-04-04 20:16:45,SHIPPED,824.95
EXT100579,manish.chopra53@example.com,2023-04-16 00:57:22,PLACED,5479.51
EXT100580,rohit.kumar71@example.com,2023-04-06 21:44:00,SHIPPED,6276.86
EXT100581,vikas.agarwal42@example.com,2024-01-30 00:26:57,PLACED,668.50
EXT100582,rahul.rao50@example.com,2023-03-28 20:22:19,CANCELLED,1507.32
EXT100583,vikram.jain32@example.com,2024-08-08 18:58:22,PLACED,919.86
EXT100584,priya.kumar49@example.com,2023-06-23 05:03:18,PLACED,2082.30
EXT100585,karan.das35@example.com,2024-05-19 05:18:47,PLACED,3897.39
EXT100586,ananya.mehra56@example.com,2023-10-10 15:19:54,PLACED,2177.75
EXT100587,rohit.bose10@example.com,2024-01-05 09:09:50,CANCELLED,85.82
EXT100588,vikas.jain93@example.com,2024-05-22 21:37:11,SHIPPED,821.70
EXT100589,pooja.iyer59@example.com,2023-04-20 04:55:58,PLACED,3843.00
EXT100590,tanya.bose51@example.com,2023-12-07 22:34:49,PLACED,1615.71
EXT100591,sneha.chopra43@example.com,2024-03-26 12:11:14,PLACED,2924.51
EXT100592,priya.iyer84@example.com,2023-05-20 10:56:18,PLACED,275.32
EXT100593,vikram.iyer89@example.com,2023-07-25 17:26:24,PLACED,4625.51
EXT100594,tanya.bose51@example.com,2023-11-23 10:36:40,DELIVERED,879.10
EXT100595,rohit.sharma82@example.com,2024-05-17 20:58:01,DELIVERED,555.78
EXT100596,vikas.agarwal42@example.com,2024-01-21 10:12:19,DELIVERED,3507.72
EXT100597,tanya.bose51@example.com,2024-01-09 04:08:47,CANCELLED,908.44
EXT100598,pooja.chopra26@example.com,2024-07-12 06:33:03,SHIPPED,941.83
EXT100599,rohit.kumar71@example.com,2023-01-28 16:48:25,CANCELLED,2176.50
EXT100600,saurabh.gupta27@example.com,2024-03-24 10:36:25,DELIVERED,2246.94
EXT100601,riya.patel9@example.com,2024-02-23 18:10:44,PLACED,154.11
EXT100602,sneha.das39@example.com,2023-09-05 09:11:59,SHIPPED,2437.79
EXT100603,rohit.das92@example.com,2024-03-09 13:43:32,PLACED,994.34
EXT100604,isha.kumar77@example.com,2024-05-05 21:11:55,PLACED,285.45
EXT100605,isha.bose65@example.com,2024-03-04 19:47:36,PLACED,1116.33
EXT100606,kshitiz.mehra47@example.com,2024-07-03 21:37:13,SHIPPED,5457.33
EXT100607,rahul.jain11@example.com,2023-04-22 09:02:16,SHIPPED,544.34
EXT100608,manish.malik46@example.com,2023-06-20 23:33:23,SHIPPED,4025.66
EXT100609,aditya.kumar73@example.com,2024-02-14 12:04:23,CANCELLED,437.41
EXT100610,ananya.mehra56@example.com,2023-04-19 00:23:02,PLACED,1147.02
EXT100611,isha.jain29@example.com,2024-06-06 18:53:19,SHIPPED,1654.48
EXT100612,vikram.iyer89@example.com,2024-08-12 08:02:51,PLACED,2095.06
EXT100613,tanya.bose51@example.com,2024-04-19 21:25:47,SHIPPED,4310.43
EXT100614,neha.patel20@example.com,2023-12-20 00:53:39,PLACED,101.13
EXT100615,vikas.agarwal38@example.com,2024-03-01 03:07:33,PLACED,2873.92
EXT100616,ritu.mehra94@example.com,2023-05-26 12:40:56,PLACED,1489.74
EXT100617,pooja.iyer59@example.com,2023-07-31 18:58:23,PLACED,1550.14
EXT100618,pooja.verma61@example.com,2023-04-10 15:57:11,DELIVERED,2210.94
EXT100619,kshitiz.sharma58@example.com,2023-11-23 02:26:44,PLACED,563.26
EXT100620,vikram.agarwal91@example.com,2023-04-28 00:49:20,DELIVERED,628.80
EXT100621,tanya.sharma83@example.com,2023-04-22 05:59:02,CANCELLED,1039.35
EXT100622,amit.mehra95@example.com,2023-09-07 18:47:12,PLACED,79.19
EXT100623,vikas.rao21@example.com,2023-12-05 20:23:00,PLACED,319.34
EXT100624,rahul.rao60@example.com,2023-08-26 14:44:50,SHIPPED,921.89
EXT100625,aditya.jain24@example.com,2024-03-18 14:24:09,PLACED,3705.34
EXT100626,vikas.malik79@example.com,2023-07-22 16:22:06,SHIPPED,416.64
EXT100627,rahul.rao50@example.com,2023-01-05 07:49:13,PLACED,1231.76
EXT100628,manish.gupta97@example.com,2023-03-06 21:01:14,PLACED,685.25
EXT100629,sneha.sharma69@example.com,2023-07-11 13:19:05,PLACED,3905.88
EXT100630,pooja.iyer59@example.com,2023-04-27 09:33:07,SHIPPED,3630.11
EXT100631,isha.kumar63@example.com,2024-06-24 23:16:09,PLACED,84.50
EXT100632,rahul.rao50@example.com,2024-02-06 21:22:19,PLACED,45.36
EXT100633,manish.malik46@example.com,2024-04-13 22:28:38,PLACED,249.02
EXT100634,simran.verma87@example.com,2023-11-01 22:22:21,SHIPPED,1165.08
EXT100635,simran.verma87@example.com,2023-05-18 11:24:09,PLACED,4149.06
EXT100636,kshitiz.verma40@example.com,2023-04-30 06:39:52,PLACED,1431.20
EXT100637,vikas.mehra19@example.com,2024-06-07 14:08:36,PLACED,3126.86
EXT100638,pooja.chopra18@example.com,2024-08-11 13:58:13,PLACED,712.80
EXT100639,isha.kumar63@example.com,2024-07-04 23:29:35,CANCELLED,236.24
EXT100640,tanya.rao23@example.com,2024-07-22 06:04:31,PLACED,1010.36
EXT100641,pooja.chopra18@example.com,2023-07-11 11:27:12,DELIVERED,807.16
EXT100642,riya.rao80@example.com,2023-02-24 13:04:19,CANCELLED,4734.80
EXT100643,isha.kumar63@example.com,2023-05-20 07:06:15,DELIVERED,3486.06
EXT100644,karan.jain72@example.com,2024-06-01 23:46:39,PLACED,3214.97
EXT100645,saurabh.verma88@example.com,2024-05-18 15:07:57,DELIVERED,270.87
EXT100646,sneha.kumar57@example.com,2024-05-15 06:05:22,PLACED,3439.70
EXT100647,priya.sharma4@example.com,2023-08-14 10:38:04,PLACED,454.05
EXT100648,isha.jain29@example.com,2024-07-04 10:30:36,PLACED,310.29
EXT100649,pooja.iyer59@example.com,2024-08-02 18:02:01,SHIPPED,3741.80
EXT100650,simran.malik15@example.com,2024-08-09 04:09:29,PLACED,4556.38
EXT100651,kshitiz.bose70@example.com,2024-01-11 19:44:06,DELIVERED,1858.23
EXT100652,tanya.kumar6@example.com,2024-03-27 19:53:31,PLACED,98.51
EXT100653,rohit.rao55@example.com,2023-04-15 23:47:58,DELIVERED,4144.79
EXT100654,sneha.das39@example.com,2023-02-03 16:22:27,PLACED,4012.70
EXT100655,ananya.iyer12@example.com,2024-03-25 04:16:26,DELIVERED,2417.00
EXT100656,tanya.agarwal31@example.com,2023-08-03 21:24:20,SHIPPED,2123.57
EXT100657,vikram.agarwal91@example.com,2024-03-14 06:02:35,SHIPPED,391.38
EXT100658,saurabh.gupta27@example.com,2023-07-31 02:09:40,SHIPPED,1287.96
EXT100659,sneha.sharma69@example.com,2023-10-15 21:43:51,SHIPPED,2758.04
EXT100660,vikas.agarwal42@example.com,2023-10-27 10:32:03,SHIPPED,716.25
EXT100661,sneha.verma66@example.com,2023-04-08 04:56:11,CANCELLED,217.22
EXT100662,manish.chopra53@example.com,2023-03-02 10:05:49,DELIVERED,2677.61
EXT100663,pooja.bose17@example.com,2023-05-16 09:05:25,PLACED,2893.75
EXT100664,vikas.agarwal42@example.com,2023-09-11 14:17:52,PLACED,2892.22
EXT100665,tanya.verma74@example.com,2023-10-03 22:51:28,PLACED,3471.08
EXT100666,kshitiz.sharma58@example.com,2023-03-19 23:04:10,DELIVERED,2842.80
EXT100667,ritu.singh99@example.com,2023-04-06 14:40:02,SHIPPED,5103.92
EXT100668,riya.iyer36@example.com,2024-01-13 16:33:17,CANCELLED,1753.44
EXT100669,vikas.agarwal42@example.com,2024-08-18 00:05:24,DELIVERED,157.20
EXT100670,ritu.mehra94@example.com,2023-04-06 16:41:29,SHIPPED,4135.44
EXT100671,rahul.jain90@example.com,2024-01-02 02:18:20,DELIVERED,156.39
EXT100672,tanya.bose51@example.com,2023-08-12 15:38:34,DELIVERED,1288.69
EXT100673,vikram.iyer64@example.com,2023-10-02 11:45:18,DELIVERED,2858.77
EXT100674,manish.iyer44@example.com,2024-07-14 21:02:30,PLACED,937.08
EXT100675,isha.kumar63@example.com,2023-12-18 01:45:45,PLACED,180.84
EXT100676,isha.singh81@example.com,2024-04-15 00:35:34,PLACED,1724.25
EXT100677,vikas.rao21@example.com,2024-03-27 16:37:16,PLACED,2553.30
EXT100678,rohit.rao55@example.com,2023-07-27 04:48:10,DELIVERED,4024.02
EXT100679,sneha.das39@example.com,2023-06-12 09:58:36,PLACED,287.25
EXT100680,kshitiz.mehra47@example.com,2023-09-14 03:00:03,PLACED,2635.39
EXT100681,priya.iyer84@example.com,2023-06-19 01:53:07,PLACED,3285.12
EXT100682,kshitiz.verma40@example.com,2023-08-28 15:37:40,SHIPPED,1132.54
EXT100683,vikram.agarwal91@example.com,2023-04-08 00:02:22,PLACED,6379.79
EXT100684,rohit.bose10@example.com,2023-05-16 21:36:54,PLACED,623.97
EXT100685,saurabh.verma88@example.com,2024-03-31 00:20:17,PLACED,3384.98
EXT100686,manish.iyer44@example.com,2023-05-04 15:22:33,SHIPPED,2738.52
EXT100687,rahul.agarwal62@example.com,2023-03-14 08:20:08,PLACED,3011.94
EXT100688,ritu.mehra94@example.com,2023-04-15 03:45:26,PLACED,5747.22
EXT100689,sneha.das39@example.com,2023-05-21 13:56:04,DELIVERED,717.36
EXT100690,manish.gupta97@example.com,2023-05-17 23:21:32,RETURNED,2139.78
EXT100691,vikas.mehra19@example.com,2023-03-12 19:18:54,SHIPPED,563.70
EXT100692,vikas.malik79@example.com,2023-06-18 16:01:24,PLACED,3377.90
EXT100693,vikram.malik28@example.com,2023-06-05 14:59:23,SHIPPED,716.66
EXT100694,sneha.kumar57@example.com,2023-08-11 03:09:22,DELIVERED,2269.15
EXT100695,pooja.chopra18@example.com,2023-05-07 21:27:56,DELIVERED,4563.20
EXT100696,ananya.bose45@example.com,2024-03-15 11:27:02,DELIVERED,2006.85
EXT100697,vikram.jain32@example.com,2023-10-11 23:28:11,PLACED,1516.60
EXT100698,rohit.kumar71@example.com,2023-10-19 00:58:35,DELIVERED,140.32
EXT100699,manish.singh85@example.com,2023-11-05 07:28:48,SHIPPED,508.20
EXT100700,sneha.verma66@example.com,2023-07-13 14:15:47,PLACED,822.55
EXT100701,tanya.jain7@example.com,2023-09-03 18:01:05,PLACED,2507.52
EXT100702,tanya.agarwal31@example.com,2024-05-26 23:13:54,SHIPPED,1300.90
EXT100703,priya.das68@example.com,2023-01-13 13:08:49,CANCELLED,985.42
EXT100704,pooja.bose17@example.com,2024-02-01 20:41:38,PLACED,3567.52
EXT100705,kshitiz.bose70@example.com,2023-06-26 17:08:56,CANCELLED,1647.12
EXT100706,ritu.singh99@example.com,2023-03-16 00:36:27,SHIPPED,5433.82
EXT100707,pooja.singh2@example.com,2023-09-26 07:51:17,PLACED,1644.86
EXT100708,vikram.gupta8@example.com,2024-02-12 18:26:42,PLACED,511.26
EXT100709,rohit.das92@example.com,2024-05-28 15:07:31,PLACED,1427.76
EXT100710,isha.agarwal52@example.com,2023-03-26 23:19:16,SHIPPED,522.64
EXT100711,vikas.malik79@example.com,2023-06-06 10:06:08,PLACED,190.26
EXT100712,rahul.jain11@example.com,2024-06-07 07:23:53,CANCELLED,2164.59
EXT100713,neha.patel20@example.com,2024-07-03 11:53:47,PLACED,1297.41
EXT100714,rohit.sharma82@example.com,2023-03-09 11:17:34,SHIPPED,4316.25
EXT100715,ritu.mehra94@example.com,2023-09-02 02:06:29,PLACED,1070.52
EXT100716,ananya.mehra56@example.com,2023-04-29 16:30:24,SHIPPED,2400.12
EXT100717,vikram.gupta8@example.com,2023-11-13 23:57:32,DELIVERED,2511.33
EXT100718,rohit.rao16@example.com,2023-01-13 04:59:44,DELIVERED,940.21
EXT100719,vikas.rao21@example.com,2024-05-23 12:37:23,SHIPPED,9706.38
EXT100720,vikas.jain93@example.com,2023-09-23 06:04:44,PLACED,381.14
EXT100721,sneha.verma96@example.com,2023-10-03 04:17:53,DELIVERED,3810.88
EXT100722,priya.sharma4@example.com,2023-12-10 15:37:52,PLACED,2504.14
EXT100723,riya.patel9@example.com,2023-09-27 20:59:42,SHIPPED,1020.06
EXT100724,vikram.iyer64@example.com,2024-04-11 18:35:49,PLACED,1307.58
EXT100725,vikram.iyer64@example.com,2024-08-03 06:04:33,PLACED,476.32
EXT100726,ananya.kumar33@example.com,2023-04-16 20:53:43,SHIPPED,2133.06
EXT100727,simran.malik15@example.com,2023-08-22 18:31:32,PLACED,2186.50
EXT100728,pooja.singh2@example.com,2023-09-08 01:40:26,PLACED,702.32
EXT100729,rahul.rao50@example.com,2023-06-03 06:30:56,CANCELLED,1038.15
EXT100730,pooja.agarwal5@example.com,2024-07-20 23:52:24,PLACED,1430.06
EXT100731,vikas.agarwal42@example.com,2023-09-12 15:09:19,CANCELLED,1567.98
EXT100732,neha.mehra41@example.com,2023-10-05 02:50:08,SHIPPED,1459.84
EXT100733,rohit.rao16@example.com,2024-05-29 01:55:03,PLACED,2078.24
EXT100734,ananya.jain67@example.com,2023-02-17 14:35:50,PLACED,1703.94
EXT100735,rahul.rao60@example.com,2023-10-17 11:18:43,PLACED,1436.07
EXT100736,rohit.kumar71@example.com,2024-04-12 00:17:24,PLACED,1669.84
EXT100737,vikas.agarwal38@example.com,2024-07-31 11:03:54,DELIVERED,1989.18
EXT100738,vikram.jain32@example.com,2024-04-20 13:24:30,SHIPPED,2898.79
EXT100739,vikram.iyer64@example.com,2023-07-20 19:53:58,DELIVERED,394.46
EXT100740,vikram.jain32@example.com,2023-06-04 00:13:55,CANCELLED,4258.19
EXT100741,priya.sharma4@example.com,2023-08-27 19:43:01,PLACED,281.03
EXT100742,vikram.iyer89@example.com,2023-01-10 12:11:51,PLACED,1048.48
EXT100743,manish.singh85@example.com,2024-01-21 11:11:46,PLACED,1249.36
EXT100744,priya.das68@example.com,2023-09-01 15:17:06,PLACED,23.28
EXT100745,vikram.gupta8@example.com,2023-05-26 10:11:17,PLACED,2960.00
EXT100746,karan.gupta30@example.com,2024-06-16 15:02:20,DELIVERED,5084.20
EXT100747,ananya.malik48@example.com,2024-04-14 03:05:28,SHIPPED,551.16
EXT100748,isha.bose65@example.com,2023-05-17 23:12:01,DELIVERED,1149.28
EXT100749,rohit.bose10@example.com,2024-08-04 02:16:03,PLACED,310.05
EXT100750,pooja.bose17@example.com,2023-08-31 10:37:10,PLACED,240.69
EXT100751,neha.mehra41@example.com,2024-02-07 11:52:42,PLACED,1758.88
EXT100752,karan.das35@example.com,2023-08-28 02:43:09,CANCELLED,3002.17
EXT100753,pooja.chopra18@example.com,2024-08-21 03:58:03,PLACED,3783.42
EXT100754,rahul.iyer22@example.com,2024-04-05 16:58:06,PLACED,289.06
EXT100755,rohit.rao16@example.com,2024-07-02 13:02:41,CANCELLED,776.21
EXT100756,saurabh.gupta27@example.com,2024-04-07 11:13:30,PLACED,2557.02
EXT100757,rohit.rao16@example.com,2023-04-03 05:44:18,DELIVERED,835.46
EXT100758,sneha.das39@example.com,2023-02-11 07:49:43,DELIVERED,3004.68
EXT100759,vikas.agarwal42@example.com,2023-06-01 03:19:15,DELIVERED,2177.98
EXT100760,manish.malik46@example.com,2024-02-10 18:41:40,PLACED,984.35
EXT100761,sneha.das39@example.com,2023-09-24 06:19:49,PLACED,4180.70
EXT100762,isha.agarwal52@example.com,2024-04-08 20:14:29,DELIVERED,4611.16
EXT100763,vikram.jain32@example.com,2023-04-07 16:49:20,PLACED,967.14
EXT100764,pooja.chopra18@example.com,2023-05-05 00:26:07,PLACED,1058.40
EXT100765,ritu.iyer100@example.com,2023-08-16 04:45:33,PLACED,2190.83
EXT100766,isha.agarwal52@example.com,2024-01-17 22:56:54,CANCELLED,648.84
EXT100767,rahul.jain11@example.com,2024-08-19 21:20:23,PLACED,2511.56
EXT100768,rohit.bose10@example.com,2023-01-23 02:20:50,PLACED,1278.78
EXT100769,tanya.sharma83@example.com,2024-03-30 04:41:20,PLACED,574.02
EXT100770,sneha.chopra43@example.com,2023-05-06 01:33:16,CANCELLED,83.60
EXT100771,tanya.jain7@example.com,2023-06-22 20:53:40,PLACED,305.69
EXT100772,vikas.jain93@example.com,2024-02-09 18:03:48,PLACED,13.20
EXT100773,saurabh.verma88@example.com,2024-03-12 06:17:30,PLACED,780.83
EXT100774,aditya.jain24@example.com,2023-10-09 10:11:21,PLACED,55.02
EXT100775,neha.patel20@example.com,2023-02-05 22:21:32,SHIPPED,2375.38
EXT100776,vikram.jain32@example.com,2023-10-30 18:09:50,PLACED,180.84
EXT100777,rohit.kumar71@example.com,2024-05-05 02:13:12,PLACED,88.31
EXT100778,rahul.rao50@example.com,2023-05-21 15:15:49,PLACED,528.36
EXT100779,priya.das68@example.com,2023-09-13 22:57:54,RETURNED,474.25
EXT100780,kshitiz.bose70@example.com,2023-01-20 13:55:34,DELIVERED,3455.21
EXT100781,manish.malik46@example.com,2024-05-06 19:49:31,DELIVERED,2085.59
EXT100782,ananya.bose45@example.com,2024-08-02 18:17:29,PLACED,674.46
EXT100783,karan.das35@example.com,2023-07-04 00:56:56,PLACED,2327.88
EXT100784,isha.jain29@example.com,2023-01-31 10:13:42,PLACED,1876.33
EXT100785,pooja.verma61@example.com,2024-06-26 13:00:49,DELIVERED,4003.09
EXT100786,karan.gupta30@example.com,2023-06-13 03:38:44,PLACED,2508.31
EXT100787,tanya.agarwal31@example.com,2023-09-30 19:25:51,DELIVERED,855.11
EXT100788,amit.mehra95@example.com,2023-02-27 07:59:18,SHIPPED,2256.30
EXT100789,rahul.rao50@example.com,2023-12-30 06:19:28,PLACED,2727.24
EXT100790,pooja.singh76@example.com,2023-11-22 13:03:46,CANCELLED,4632.82
EXT100791,priya.sharma4@example.com,2023-12-27 20:40:03,SHIPPED,1872.93
EXT100792,aditya.kumar73@example.com,2023-07-12 17:55:17,SHIPPED,280.58
EXT100793,tanya.rao23@example.com,2024-05-17 01:22:55,PLACED,238.40
EXT100794,karan.gupta30@example.com,2023-08-13 00:43:32,SHIPPED,1493.52
EXT100795,sneha.sharma1@example.com,2023-12-06 22:21:35,PLACED,3104.03
EXT100796,pooja.bose17@example.com,2023-12-15 06:27:40,CANCELLED,4184.71
EXT100797,vikas.agarwal42@example.com,2023-03-02 00:47:52,PLACED,4502.15
EXT100798,vikram.agarwal91@example.com,2023-05-26 04:02:18,DELIVERED,2877.14
EXT100799,kshitiz.mehra47@example.com,2023-03-16 13:36:07,DELIVERED,384.55
EXT100800,manish.singh85@example.com,2024-02-10 21:20:10,PLACED,661.36
EXT100801,sneha.das39@example.com,2023-11-27 04:58:04,CANCELLED,743.71
EXT100802,ritu.mehra94@example.com,2024-03-23 23:16:29,CANCELLED,422.34
EXT100803,priya.iyer84@example.com,2023-11-21 06:20:33,DELIVERED,1540.51
EXT100804,karan.jain72@example.com,2024-01-01 08:07:40,SHIPPED,2812.21
EXT100805,tanya.rao23@example.com,2024-01-23 11:10:15,DELIVERED,853.74
EXT100806,vikas.agarwal38@example.com,2023-05-11 06:28:12,DELIVERED,1943.43
EXT100807,rahul.jain90@example.com,2024-08-09 14:15:27,DELIVERED,982.24
EXT100808,ritu.singh99@example.com,2024-08-04 01:10:44,PLACED,1615.17
EXT100809,neha.mehra41@example.com,2023-08-15 23:17:19,SHIPPED,2038.31
EXT100810,vikram.iyer64@example.com,2023-05-25 12:03:26,DELIVERED,91.03
EXT100811,tanya.agarwal31@example.com,2023-12-22 11:37:59,PLACED,1617.51
EXT100812,ananya.iyer12@example.com,2023-12-10 16:15:40,PLACED,4704.38
EXT100813,saurabh.gupta27@example.com,2023-09-13 02:28:05,PLACED,3613.11
EXT100814,rahul.agarwal14@example.com,2023-01-02 01:45:10,PLACED,4467.58
EXT100815,ritu.mehra94@example.com,2024-03-05 06:03:22,DELIVERED,1815.00
EXT100816,vikram.iyer64@example.com,2024-01-23 12:47:16,SHIPPED,592.12
EXT100817,aditya.agarwal13@example.com,2024-05-05 21:02:46,SHIPPED,2034.51
EXT100818,saurabh.verma88@example.com,2023-08-19 05:55:19,PLACED,1984.25
EXT100819,pooja.agarwal5@example.com,2023-10-29 00:43:51,PLACED,401.08
EXT100820,rahul.agarwal14@example.com,2023-03-17 12:26:41,PLACED,1861.68
EXT100821,priya.kumar49@example.com,2023-06-14 02:43:50,SHIPPED,1285.12
EXT100822,ananya.iyer12@example.com,2023-12-13 21:37:40,RETURNED,264.22
EXT100823,rahul.agarwal62@example.com,2023-02-01 15:42:14,CANCELLED,743.00
EXT100824,rahul.iyer22@example.com,2024-03-20 05:43:11,PLACED,548.12
EXT100825,sneha.chopra43@example.com,2023-07-30 06:55:01,PLACED,526.95
EXT100826,rohit.kumar71@example.com,2024-07-07 09:39:28,SHIPPED,3100.05
EXT100827,sneha.das39@example.com,2023-09-01 03:29:31,PLACED,2062.40
EXT100828,tanya.verma74@example.com,2024-07-16 17:52:29,PLACED,912.03
EXT100829,kshitiz.mehra47@example.com,2023-01-04 15:34:07,PLACED,155.26
EXT100830,manish.singh85@example.com,2024-05-06 07:16:11,PLACED,106.56
EXT100831,saurabh.gupta27@example.com,2023-06-24 23:14:08,PLACED,2569.83
EXT100832,rahul.jain11@example.com,2024-04-29 04:12:19,PLACED,2172.83
EXT100833,tanya.bose51@example.com,2024-04-27 17:48:26,DELIVERED,744.28
EXT100834,isha.verma34@example.com,2023-04-04 23:22:10,SHIPPED,6672.85
EXT100835,aditya.jain24@example.com,2024-01-15 13:53:16,PLACED,4730.88
EXT100836,kshitiz.sharma58@example.com,2023-02-15 09:35:10,PLACED,1421.08
EXT100837,isha.verma34@example.com,2023-08-20 09:46:40,SHIPPED,563.40
EXT100838,neha.patel20@example.com,2023-04-10 03:07:13,SHIPPED,408.60
EXT100839,kshitiz.bose70@example.com,2024-02-28 21:28:16,PLACED,437.55
EXT100840,vikram.gupta8@example.com,2024-02-01 19:01:35,PLACED,1132.67
EXT100841,sneha.sharma69@example.com,2024-05-01 20:51:06,DELIVERED,5053.42
EXT100842,pooja.verma61@example.com,2023-11-03 02:52:28,PLACED,2913.37
EXT100843,rohit.das92@example.com,2023-02-05 18:16:51,SHIPPED,424.17
EXT100844,ananya.jain67@example.com,2024-08-08 22:35:00,PLACED,2961.62
EXT100845,manish.gupta97@example.com,2024-04-04 06:17:39,CANCELLED,607.10
EXT100846,rahul.iyer22@example.com,2023-08-05 07:01:00,PLACED,1001.45
EXT100847,rohit.rao55@example.com,2023-03-22 15:51:07,PLACED,1658.68
EXT100848,isha.singh81@example.com,2023-06-01 21:39:54,PLACED,1854.18
EXT100849,ritu.mehra94@example.com,2023-03-10 03:10:06,PLACED,748.60
EXT100850,tanya.bose51@example.com,2024-07-19 11:52:26,DELIVERED,1692.90
EXT100851,ananya.jain67@example.com,2024-04-14 00:27:00,DELIVERED,432.00
EXT100852,riya.rao80@example.com,2024-06-19 15:16:37,PLACED,213.82
EXT100853,neha.patel20@example.com,2023-06-01 20:37:44,SHIPPED,1644.76
EXT100854,rahul.malik98@example.com,2023-04-13 03:50:45,SHIPPED,2212.46
EXT100855,aditya.agarwal13@example.com,2023-10-20 19:30:06,DELIVERED,1673.64
EXT100856,manish.chopra53@example.com,2023-09-28 13:56:46,SHIPPED,3657.46
EXT100857,tanya.verma74@example.com,2024-04-29 01:21:50,PLACED,34.15
EXT100858,isha.agarwal52@example.com,2023-05-28 22:30:34,SHIPPED,1245.11
EXT100859,vikram.iyer89@example.com,2024-02-16 01:24:43,PLACED,1018.62
EXT100860,sneha.chopra43@example.com,2023-09-01 01:47:40,DELIVERED,2265.14
EXT100861,karan.das35@example.com,2024-01-17 00:44:11,PLACED,2059.69
EXT100862,sneha.das39@example.com,2023-11-15 10:12:25,DELIVERED,3287.18
EXT100863,rahul.jain90@example.com,2023-04-11 08:17:58,PLACED,2466.02
EXT100864,sneha.verma96@example.com,2024-03-29 11:40:56,PLACED,178.78
EXT100865,rohit.malik54@example.com,2023-04-02 06:50:33,PLACED,6563.64
EXT100866,manish.chopra53@example.com,2024-05-11 18:48:18,DELIVERED,215.62
EXT100867,vikram.gupta8@example.com,2024-06-11 05:47:16,PLACED,691.17
EXT100868,vikram.agarwal91@example.com,2024-06-02 14:41:12,PLACED,2359.31
EXT100869,priya.das68@example.com,2024-08-05 01:03:14,PLACED,855.78
EXT100870,pooja.chopra26@example.com,2023-03-01 09:05:01,PLACED,340.62
EXT100871,tanya.jain7@example.com,2024-01-05 07:14:57,PLACED,4157.06
EXT100872,rahul.rao60@example.com,2024-06-01 14:27:08,SHIPPED,154.24
EXT100873,rohit.rao16@example.com,2023-02-01 08:48:31,PLACED,312.39
EXT100874,isha.kumar77@example.com,2024-04-01 06:27:56,CANCELLED,1198.56
EXT100875,pooja.verma61@example.com,2024-08-23 20:04:24,PLACED,618.19
EXT100876,vikas.rao21@example.com,2023-09-22 03:17:27,PLACED,1600.92
EXT100877,rahul.rao50@example.com,2023-02-20 05:55:52,DELIVERED,1784.37
EXT100878,ritu.iyer100@example.com,2023-08-08 08:03:32,SHIPPED,164.58
EXT100879,simran.verma87@example.com,2023-07-31 09:47:49,SHIPPED,2132.95
EXT100880,sneha.verma66@example.com,2023-01-21 00:19:26,PLACED,308.50
EXT100881,pooja.bose17@example.com,2023-06-27 21:53:12,DELIVERED,1763.82
EXT100882,isha.jain29@example.com,2023-09-16 22:08:56,DELIVERED,948.47
EXT100883,kshitiz.verma40@example.com,2023-10-09 15:25:49,DELIVERED,107.75
EXT100884,ananya.bose45@example.com,2024-04-15 09:10:29,PLACED,3018.67
EXT100885,sneha.das39@example.com,2024-06-17 22:42:17,PLACED,1350.87
EXT100886,rahul.agarwal14@example.com,2023-01-08 18:37:25,RETURNED,1859.13
EXT100887,ananya.malik48@example.com,2024-07-28 23:34:08,SHIPPED,2239.98
EXT100888,saurabh.iyer37@example.com,2023-11-02 03:56:09,PLACED,1084.56
EXT100889,manish.iyer44@example.com,2023-10-11 23:19:24,PLACED,2327.31
EXT100890,riya.iyer36@example.com,2023-09-25 23:53:18,DELIVERED,964.76
EXT100891,priya.iyer84@example.com,2023-11-02 06:51:28,PLACED,3182.52
EXT100892,rahul.malik98@example.com,2023-09-04 02:04:01,DELIVERED,1741.76
EXT100893,isha.kumar77@example.com,2024-02-18 11:38:08,SHIPPED,1045.40
EXT100894,vikas.jain93@example.com,2023-01-27 23:51:44,PLACED,1681.65
EXT100895,vikas.agarwal38@example.com,2023-09-23 15:14:22,PLACED,1850.47
EXT100896,amit.mehra95@example.com,2023-02-06 21:13:38,DELIVERED,3518.53
EXT100897,tanya.verma74@example.com,2023-07-14 12:29:39,DELIVERED,2494.15
EXT100898,isha.jain29@example.com,2024-07-01 23:14:25,DELIVERED,1331.22
EXT100899,rahul.chopra86@example.com,2024-01-03 18:28:14,PLACED,89.34
EXT100900,rahul.iyer22@example.com,2024-07-25 06:35:41,PLACED,1286.60
EXT100901,pooja.verma61@example.com,2023-05-12 09:25:02,DELIVERED,2724.26
EXT100902,karan.jain72@example.com,2023-07-07 12:13:12,SHIPPED,1544.86
EXT100903,isha.jain29@example.com,2023-12-30 08:07:52,DELIVERED,3868.53
EXT100904,kshitiz.verma40@example.com,2024-03-06 12:03:46,PLACED,196.08
EXT100905,tanya.chopra75@example.com,2023-10-29 16:53:06,DELIVERED,1811.25
EXT100906,pooja.verma61@example.com,2023-02-24 23:05:51,SHIPPED,132.90
EXT100907,riya.rao80@example.com,2023-03-14 17:11:34,DELIVERED,2981.05
EXT100908,isha.bose65@example.com,2023-05-03 13:53:46,SHIPPED,3996.91
EXT100909,manish.chopra53@example.com,2023-02-25 05:29:22,PLACED,1036.16
EXT100910,pooja.chopra26@example.com,2023-12-17 14:53:53,RETURNED,1894.38
EXT100911,pooja.iyer59@example.com,2023-05-27 11:31:09,DELIVERED,1977.51
EXT100912,aditya.jain24@example.com,2023-03-24 17:45:08,PLACED,2752.26
EXT100913,tanya.rao23@example.com,2023-11-17 23:06:05,PLACED,196.00
EXT100914,kshitiz.sharma58@example.com,2023-10-08 07:37:24,DELIVERED,4292.98
EXT100915,rahul.iyer22@example.com,2024-08-13 05:46:06,PLACED,750.60
EXT100916,rahul.malik98@example.com,2023-04-01 04:42:41,SHIPPED,549.08
EXT100917,rohit.sharma82@example.com,2024-03-15 14:41:13,PLACED,3493.21
EXT100918,rahul.agarwal62@example.com,2024-01-28 00:10:11,PLACED,813.12
EXT100919,pooja.chopra26@example.com,2024-01-18 00:30:45,DELIVERED,904.12
EXT100920,manish.gupta97@example.com,2024-06-27 06:56:19,PLACED,1324.71
EXT100921,sneha.sharma1@example.com,2023-09-12 08:14:17,SHIPPED,3394.38
EXT100922,ananya.bose45@example.com,2023-11-16 04:41:39,PLACED,3265.79
EXT100923,isha.bose65@example.com,2023-11-10 06:04:51,PLACED,2374.58
EXT100924,tanya.kumar6@example.com,2023-11-02 10:35:19,PLACED,2049.45
EXT100925,ananya.jain67@example.com,2024-06-20 12:18:00,PLACED,4825.87
EXT100926,saurabh.verma88@example.com,2023-05-18 12:28:42,RETURNED,98.00
EXT100927,isha.kumar63@example.com,2024-01-03 06:51:37,PLACED,2729.36
EXT100928,isha.agarwal52@example.com,2023-01-20 08:18:59,PLACED,393.12
EXT100929,pooja.bose17@example.com,2023-08-05 00:47:52,SHIPPED,1365.15
EXT100930,rahul.iyer22@example.com,2023-05-07 13:20:49,DELIVERED,2830.74
EXT100931,pooja.agarwal5@example.com,2024-01-20 23:18:48,PLACED,2024.36
EXT100932,sneha.sharma69@example.com,2023-02-19 21:37:26,RETURNED,655.44
EXT100933,manish.singh85@example.com,2023-04-21 23:47:44,DELIVERED,402.28
EXT100934,tanya.jain7@example.com,2023-04-29 15:10:27,PLACED,1605.80
EXT100935,rohit.rao16@example.com,2024-07-14 09:12:06,PLACED,1500.54
EXT100936,neha.patel20@example.com,2023-07-30 22:56:56,PLACED,953.68
EXT100937,rohit.malik54@example.com,2023-04-14 18:56:37,PLACED,2522.40
EXT100938,neha.jain78@example.com,2023-05-21 15:14:56,DELIVERED,3231.24
EXT100939,rahul.agarwal14@example.com,2024-06-07 22:29:22,PLACED,1750.96
EXT100940,simran.malik15@example.com,2023-04-19 18:07:19,PLACED,2140.12
EXT100941,pooja.chopra26@example.com,2023-09-27 19:02:49,CANCELLED,2671.10
EXT100942,manish.malik46@example.com,2024-02-24 10:45:12,PLACED,4360.49
EXT100943,rohit.kumar71@example.com,2024-05-23 07:33:42,SHIPPED,527.01
EXT100944,rahul.agarwal62@example.com,2023-12-05 08:32:17,PLACED,4150.26
EXT100945,rahul.chopra86@example.com,2023-04-02 04:01:14,DELIVERED,768.94
EXT100946,rahul.chopra86@example.com,2024-05-20 05:25:48,CANCELLED,132.13
EXT100947,ritu.iyer100@example.com,2024-06-07 02:43:56,DELIVERED,897.06
EXT100948,aditya.agarwal13@example.com,2023-09-20 23:27:34,PLACED,4344.80
EXT100949,vikas.agarwal38@example.com,2023-09-28 16:54:13,PLACED,1299.69
EXT100950,tanya.rao23@example.com,2023-02-10 10:34:45,PLACED,715.80
EXT100951,simran.verma87@example.com,2023-11-17 15:30:36,DELIVERED,321.04
EXT100952,aditya.agarwal13@example.com,2023-02-16 00:21:07,DELIVERED,408.00
EXT100953,manish.singh85@example.com,2023-06-24 11:57:58,PLACED,1347.51
EXT100954,sneha.kumar57@example.com,2023-10-02 03:23:03,PLACED,407.58
EXT100955,manish.iyer44@example.com,2023-07-07 04:08:40,PLACED,4355.29
EXT100956,pooja.iyer59@example.com,2023-10-06 14:02:36,SHIPPED,2934.77
EXT100957,rahul.agarwal62@example.com,2024-03-07 23:37:25,DELIVERED,2192.58
EXT100958,rahul.iyer22@example.com,2023-04-26 04:49:28,SHIPPED,1791.37
EXT100959,vikram.gupta8@example.com,2023-06-13 03:46:33,PLACED,163.86
EXT100960,pooja.singh76@example.com,2024-05-09 20:42:52,SHIPPED,867.92
EXT100961,aditya.jain24@example.com,2024-01-24 13:03:22,SHIPPED,1549.78
EXT100962,saurabh.verma88@example.com,2023-05-14 17:35:18,CANCELLED,144.75
EXT100963,simran.malik15@example.com,2024-02-26 16:02:41,PLACED,1355.20
EXT100964,isha.verma34@example.com,2023-11-18 00:27:00,DELIVERED,1984.78
EXT100965,simran.verma87@example.com,2024-06-21 20:59:42,DELIVERED,324.92
EXT100966,isha.jain29@example.com,2023-12-13 18:53:59,SHIPPED,1346.08
EXT100967,rahul.jain90@example.com,2023-04-08 15:45:34,SHIPPED,2768.28
EXT100968,vikram.jain32@example.com,2024-05-08 12:35:18,SHIPPED,939.35
EXT100969,tanya.sharma83@example.com,2024-01-30 05:24:44,DELIVERED,2100.96
EXT100970,karan.jain72@example.com,2023-02-25 00:25:26,SHIPPED,519.81
EXT100971,vikas.rao21@example.com,2024-06-01 17:05:10,DELIVERED,1124.80
EXT100972,rahul.iyer22@example.com,2023-03-18 17:54:01,PLACED,1326.85
EXT100973,sneha.chopra43@example.com,2023-10-12 01:49:59,SHIPPED,951.72
EXT100974,rohit.kumar71@example.com,2024-01-23 14:40:58,DELIVERED,2456.67
EXT100975,rahul.jain11@example.com,2024-04-15 16:10:20,DELIVERED,618.24
EXT100976,kshitiz.sharma58@example.com,2023-04-01 18:08:53,PLACED,1731.88
EXT100977,rohit.rao16@example.com,2024-05-24 23:47:18,PLACED,1311.11
EXT100978,isha.agarwal52@example.com,2024-02-27 01:18:16,SHIPPED,2017.45
EXT100979,sneha.sharma1@example.com,2023-04-04 21:59:54,CANCELLED,2430.82
EXT100980,rohit.sharma82@example.com,2023-11-08 18:30:28,SHIPPED,1183.57
EXT100981,priya.iyer84@example.com,2024-04-12 12:24:36,PLACED,1272.47
EXT100982,tanya.jain7@example.com,2023-08-17 16:32:46,PLACED,3496.37
EXT100983,ritu.singh99@example.com,2024-04-29 23:55:36,PLACED,1640.75
EXT100984,kshitiz.sharma58@example.com,2023-04-27 03:32:51,DELIVERED,1716.70
EXT100985,isha.jain29@example.com,2023-01-03 12:25:42,PLACED,1825.62
EXT100986,rohit.sharma82@example.com,2023-10-26 19:56:26,SHIPPED,3018.76
EXT100987,rahul.jain90@example.com,2023-04-19 01:40:00,DELIVERED,1573.86
EXT100988,vikram.iyer64@example.com,2023-05-24 14:53:56,PLACED,2417.82
EXT100989,vikas.malik79@example.com,2023-07-20 06:49:41,PLACED,4050.09
EXT100990,tanya.bose51@example.com,2023-08-09 16:38:25,DELIVERED,205.14
EXT100991,tanya.kumar25@example.com,2023-12-13 03:55:25,DELIVERED,4602.13
EXT100992,tanya.kumar6@example.com,2023-05-07 16:24:08,PLACED,3547.52
EXT100993,pooja.singh76@example.com,2024-05-31 04:54:07,CANCELLED,2311.95
EXT100994,sneha.sharma1@example.com,2024-06-27 01:46:06,SHIPPED,3454.50
EXT100995,ananya.mehra56@example.com,2024-08-22 17:34:58,CANCELLED,1787.74
EXT100996,ritu.iyer100@example.com,2023-07-01 21:03:52,PLACED,3677.45
EXT100997,pooja.bose17@example.com,2023-04-17 14:06:18,SHIPPED,1210.03
EXT100998,neha.jain78@example.com,2023-11-26 18:21:14,DELIVERED,3498.83
EXT100999,rohit.malik54@example.com,2023-09-12 09:57:40,PLACED,3281.26
EXT101000,manish.iyer44@example.com,2023-10-29 16:29:15,DELIVERED,1258.68
